Workbook

Sheet 怎么用
A1: 90-C4 学生档案与积分总表 v2.0 2026-08-19
A3: 一、你卡住的那个问题，一句话先说清
A4: 旧的 90-C4 是按更早一版问卷设计的（第1IP、形象风格、公开意愿……），后来 90-C2 Word 改成了 21 题点单表，两边字段对不上。企业微信是你按 Word 一个一个建的题，导出来的列名又是第三套。三套对不上，不是你不会用，是表没对齐。
A5: 从这一版起：90-C2 Excel、90-C4「学生档案」、企业微信字段对照表，用同一套列名、同一套选项原文。
A7: 二、开学点单怎么进这张表
A8: 纸质：按「学生档案」表头一列一列敲，40 人大约 30 分钟。
A9: 飞书：把 90-C2.xlsx 上传到飞书电子表格，下拉一般还在。学生一人一行填完，你把「点单表」整页复制，粘到本文件「学生档案」A2 起（含表头，覆盖）。紫色的 T_ 列不要覆盖，那些是公式。
A10: 企业微信：打不开「把 Excel 下拉导入收集表」这条路——企业微信收集表不吃 Excel 数据验证。打开本文件「企业微信飞书字段」，字段标题一字不差地建题，选项逐条粘贴。收齐后导出 Excel，按列名对到「学生档案」粘贴。多选题导出若用逗号、顿号分隔，统计公式也能认，不必改成中文分号。
A12: 三、第二张表「每周积分」怎么用
A13: 每个学生每周只进一个数。这个数 = 课堂分（90-B2）+ 打地鼠分（90-B1）+ 作业分。
A14: 不要直接往「每周积分」里手加三堆数，容易加错。去「本周计算器」：
A15: 1. 左上角填「当前是第几周」。
... A49: 腾讯文档 / WPS 在线：和飞书电子表格类似，xlsx 上传后下拉通常还在，可先试一张再发给学生。

Sheet 学生档案
A1: 一人一行。黄底格子用下拉，不要改字。第3/19/20题可多选，多项用中文分号；隔开。列名不要改、不要插列——这是和 90-C4 / 企业微信导出对齐的主键。 紫色列是老师用的，学生不用填。
A2: 班级 | B2: 学号 | C2: 姓名 | D2: 1_接触过会计吗 | E2: 2_数学怎么样 | F2: 3_希望怎么上课 | G2: 4_最担心什么 | H2: 5_第7周起换哪个动画 | I2: 6_还喜欢哪个动画 | J2: 7_喜欢的明星主播偶像 | K2: 8_外号是什么谁起的 | L2: 9_口头禅 | M2: 10_小动作或小习惯 | N2: 11_最怕上课被问到什么 | O2: 12_平时最爱做什么 | P2: 13_三个词形容自己 | Q2: 14_同桌三个词形容你 | R2: 15_舍友觉得最搞笑的事 | S2: 16_愿不愿意当主角 | T2: 17_当主角想搞懂哪件事 | U2: 18_照片可以做卡通形象吗 | V2: 19_想要的奖励 | W2: 20_能接受的惩罚 | X2: 21_想对老师说什么 | Y2: 填表日期 | Z2: 本人签名 | AA2: T_卡通形象文件名 | AB2: T_累计积分 | AC2: T_当前等级 | AD2: T_红线_形象 | AE2: T_备注
AA3: =IF(B3="","",B3&".png") | AB3: =IF(B3="","",IFERROR(INDEX(每周积分!$U:$U,MATCH(B3,每周积分!$A:$A,0)),0)) | AC3: =IF(AB3="","",IFERROR(INDEX(每周积分!$V:$V,MATCH(B3,每周积分!$A:$A,0)),"")) | AD3: =IF(U3="","",IF(OR(U3="不要用",U3="只用于我自己的头像"),"★形象不可公开",IF(U3="可以但别太丑","只用奖励风格","可正常使用")))
AA4: =IF(B4="","",B4&".png") | AB4: =IF(B4="","",IFERROR(INDEX(每周积分!$U:$U,MATCH(B4,每周积分!$A:$A,0)),0)) | AC4: =IF(AB4="","",IFERROR(INDEX(每周积分!$V:$V,MATCH(B4,每周积分!$A:$A,0)),"")) | AD4: =IF(U4="","",IF(OR(U4="不要用",U4="只用于我自己的头像"),"★形象不可公开",IF(U4="可以但别太丑","只用奖励风格","可正常使用")))
AA5: =IF(B5="","",B5&".png") | AB5: =IF(B5="","",IFERROR(INDEX(每周积分!$U:$U,MATCH(B5,每周积分!$A:$A,0)),0)) | AC5: =IF(AB5="","",IFERROR(INDEX(每周积分!$V:$V,MATCH(B5,每周积分!$A:$A,0)),"")) | AD5: =IF(U5="","",IF(OR(U5="不要用",U5="只用于我自己的头像"),"★形象不可公开",IF(U5="可以但别太丑","只用奖励风格","可正常使用")))
AA6: =IF(B6="","",B6&".png") | AB6: =IF(B6="","",IFERROR(INDEX(每周积分!$U:$U,MATCH(B6,每周积分!$A:$A,0)),0)) | AC6: =IF(AB6="","",IFERROR(INDEX(每周积分!$V:$V,MATCH(B6,每周积分!$A:$A,0)),"")) | AD6: =IF(U6="","",IF(OR(U6="不要用",U6="只用于我自己的头像"),"★形象不可公开",IF(U6="可以但别太丑","只用奖励风格","可正常使用")))
AA7: =IF(B7="","",B7&".png") | AB7: =IF(B7="","",IFERROR(INDEX(每周积分!$U:$U,MATCH(B7,每周积分!$A:$A,0)),0)) | AC7: =IF(AB7="","",IFERROR(INDEX(每周积分!$V:$V,MATCH(B7,每周积分!$A:$A,0)),"")) | AD7: =IF(U7="","",IF(OR(U7="不要用",U7="只用于我自己的头像"),"★形象不可公开",IF(U7="可以但别太丑","只用奖励风格","可正常使用")))
AA8: =IF(B8="","",B8&".png") | AB8: =IF(B8="","",IFERROR(INDEX(每周积分!$U:$U,MATCH(B8,每周积分!$A:$A,0)),0)) | AC8: =IF(AB8="","",IFERROR(INDEX(每周积分!$V:$V,MATCH(B8,每周积分!$A:$A,0)),"")) | AD8: =IF(U8="","",IF(OR(U8="不要用",U8="只用于我自己的头像"),"★形象不可公开",IF(U8="可以但别太丑","只用奖励风格","可正常使用")))
AA9: =IF(B9="","",B9&".png") | AB9: =IF(B9="","",IFERROR(INDEX(每周积分!$U:$U,MATCH(B9,每周积分!$A:$A,0)),0)) | AC9: =IF(AB9="","",IFERROR(INDEX(每周积分!$V:$V,MATCH(B9,每周积分!$A:$A,0)),"")) | AD9: =IF(U9="","",IF(OR(U9="不要用",U9="只用于我自己的头像"),"★形象不可公开",IF(U9="可以但别太丑","只用奖励风格","可正常使用")))
AA10: =IF(B10="","",B10&".png") | AB10: =IF(B10="","",IFERROR(INDEX(每周积分!$U:$U,MATCH(B10,每周积分!$A:$A,0)),0)) | AC10: =IF(AB10="","",IFERROR(INDEX(每周积分!$V:$V,MATCH(B10,每周积分!$A:$A,0)),"")) | AD10: =IF(U10="","",IF(OR(U10="不要用",U10="只用于我自己的头像"),"★形象不可公开",IF(U10="可以但别太丑","只用奖励风格","可正常使用")))
AA11: =IF(B11="","",B11&".png") | AB11: =IF(B11="","",IFERROR(INDEX(每周积分!$U:$U,MATCH(B11,每周积分!$A:$A,0)),0)) | AC11: =IF(AB11="","",IFERROR(INDEX(每周积分!$V:$V,MATCH(B11,每周积分!$A:$A,0)),"")) | AD11: =IF(U11="","",IF(OR(U11="不要用",U11="只用于我自己的头像"),"★形象不可公开",IF(U11="可以但别太丑","只用奖励风格","可正常使用")))
AA12: =IF(B12="","",B12&".png") | AB12: =IF(B12="","",IFERROR(INDEX(每周积分!$U:$U,MATCH(B12,每周积分!$A:$A,0)),0)) | AC12: =IF(AB12="","",IFERROR(INDEX(每周积分!$V:$V,MATCH(B12,每周积分!$A:$A,0)),"")) | AD12: =IF(U12="","",IF(OR(U12="不要用",U12="只用于我自己的头像"),"★形象不可公开",IF(U12="可以但别太丑","只用奖励风格","可正常使用")))
AA13: =IF(B13="","",B13&".png") | AB13: =IF(B13="","",IFERROR(INDEX(每周积分!$U:$U,MATCH(B13,每周积分!$A:$A,0)),0)) | AC13: =IF(AB13="","",IFERROR(INDEX(每周积分!$V:$V,MATCH(B13,每周积分!$A:$A,0)),"")) | AD13: =IF(U13="","",IF(OR(U13="不要用",U13="只用于我自己的头像"),"★形象不可公开",IF(U13="可以但别太丑","只用奖励风格","可正常使用")))
AA14: =IF(B14="","",B14&".png") | AB14: =IF(B14="","",IFERROR(INDEX(每周积分!$U:$U,MATCH(B14,每周积分!$A:$A,0)),0)) | AC14: =IF(AB14="","",IFERROR(INDEX(每周积分!$V:$V,MATCH(B14,每周积分!$A:$A,0)),"")) | AD14: =IF(U14="","",IF(OR(U14="不要用",U14="只用于我自己的头像"),"★形象不可公开",IF(U14="可以但别太丑","只用奖励风格","可正常使用")))
... AA52: =IF(B52="","",B52&".png") | AB52: =IF(B52="","",IFERROR(INDEX(每周积分!$U:$U,MATCH(B52,每周积分!$A:$A,0)),0)) | AC52: =IF(AB52="","",IFERROR(INDEX(每周积分!$V:$V,MATCH(B52,每周积分!$A:$A,0)),"")) | AD52: =IF(U52="","",IF(OR(U52="不要用",U52="只用于我自己的头像"),"★形象不可公开",IF(U52="可以但别太丑","只用奖励风格","可正常使用")))

Sheet 每周积分
A1: 每个学生每周一个数。用「本周计算器」加好再粘过来（只粘贴数值）。X1 填当前周次，给「本周之星」算进步。累计、等级是公式，不要手改。 | W1: 当前周次 → | X1: 1
A2: 学号 | B2: 姓名 | C2: 第1周 | D2: 第2周 | E2: 第3周 | F2: 第4周 | G2: 第5周 | H2: 第6周 | I2: 第7周 | J2: 第8周 | K2: 第9周 | L2: 第10周 | M2: 第11周 | N2: 第12周 | O2: 第13周 | P2: 第14周 | Q2: 第15周 | R2: 第16周 | S2: 第17周 | T2: 第18周 | U2: 累计 | V2: 当前等级
A3: =IF(学生档案!B3="","",学生档案!B3) | B3: =IF(学生档案!C3="","",学生档案!C3) | U3: =IF(A3="","",SUM(C3:T3)) | V3: =IF(U3="","",IF(U3>=80,"Lv5 CFO",IF(U3>=50,"Lv4 主管会计",IF(U3>=30,"Lv3 记账会计",IF(U3>=15,"Lv2 出纳","Lv1 实习生")))))
A4: =IF(学生档案!B4="","",学生档案!B4) | B4: =IF(学生档案!C4="","",学生档案!C4) | U4: =IF(A4="","",SUM(C4:T4)) | V4: =IF(U4="","",IF(U4>=80,"Lv5 CFO",IF(U4>=50,"Lv4 主管会计",IF(U4>=30,"Lv3 记账会计",IF(U4>=15,"Lv2 出纳","Lv1 实习生")))))
A5: =IF(学生档案!B5="","",学生档案!B5) | B5: =IF(学生档案!C5="","",学生档案!C5) | U5: =IF(A5="","",SUM(C5:T5)) | V5: =IF(U5="","",IF(U5>=80,"Lv5 CFO",IF(U5>=50,"Lv4 主管会计",IF(U5>=30,"Lv3 记账会计",IF(U5>=15,"Lv2 出纳","Lv1 实习生")))))
A6: =IF(学生档案!B6="","",学生档案!B6) | B6: =IF(学生档案!C6="","",学生档案!C6) | U6: =IF(A6="","",SUM(C6:T6)) | V6: =IF(U6="","",IF(U6>=80,"Lv5 CFO",IF(U6>=50,"Lv4 主管会计",IF(U6>=30,"Lv3 记账会计",IF(U6>=15,"Lv2 出纳","Lv1 实习生")))))
A7: =IF(学生档案!B7="","",学生档案!B7) | B7: =IF(学生档案!C7="","",学生档案!C7) | U7: =IF(A7="","",SUM(C7:T7)) | V7: =IF(U7="","",IF(U7>=80,"Lv5 CFO",IF(U7>=50,"Lv4 主管会计",IF(U7>=30,"Lv3 记账会计",IF(U7>=15,"Lv2 出纳","Lv1 实习生")))))
A8: =IF(学生档案!B8="","",学生档案!B8) | B8: =IF(学生档案!C8="","",学生档案!C8) | U8: =IF(A8="","",SUM(C8:T8)) | V8: =IF(U8="","",IF(U8>=80,"Lv5 CFO",IF(U8>=50,"Lv4 主管会计",IF(U8>=30,"Lv3 记账会计",IF(U8>=15,"Lv2 出纳","Lv1 实习生")))))
A9: =IF(学生档案!B9="","",学生档案!B9) | B9: =IF(学生档案!C9="","",学生档案!C9) | U9: =IF(A9="","",SUM(C9:T9)) | V9: =IF(U9="","",IF(U9>=80,"Lv5 CFO",IF(U9>=50,"Lv4 主管会计",IF(U9>=30,"Lv3 记账会计",IF(U9>=15,"Lv2 出纳","Lv1 实习生")))))
A10: =IF(学生档案!B10="","",学生档案!B10) | B10: =IF(学生档案!C10="","",学生档案!C10) | U10: =IF(A10="","",SUM(C10:T10)) | V10: =IF(U10="","",IF(U10>=80,"Lv5 CFO",IF(U10>=50,"Lv4 主管会计",IF(U10>=30,"Lv3 记账会计",IF(U10>=15,"Lv2 出纳","Lv1 实习生")))))
A11: =IF(学生档案!B11="","",学生档案!B11) | B11: =IF(学生档案!C11="","",学生档案!C11) | U11: =IF(A11="","",SUM(C11:T11)) | V11: =IF(U11="","",IF(U11>=80,"Lv5 CFO",IF(U11>=50,"Lv4 主管会计",IF(U11>=30,"Lv3 记账会计",IF(U11>=15,"Lv2 出纳","Lv1 实习生")))))
A12: =IF(学生档案!B12="","",学生档案!B12) | B12: =IF(学生档案!C12="","",学生档案!C12) | U12: =IF(A12="","",SUM(C12:T12)) | V12: =IF(U12="","",IF(U12>=80,"Lv5 CFO",IF(U12>=50,"Lv4 主管会计",IF(U12>=30,"Lv3 记账会计",IF(U12>=15,"Lv2 出纳","Lv1 实习生")))))
A13: =IF(学生档案!B13="","",学生档案!B13) | B13: =IF(学生档案!C13="","",学生档案!C13) | U13: =IF(A13="","",SUM(C13:T13)) | V13: =IF(U13="","",IF(U13>=80,"Lv5 CFO",IF(U13>=50,"Lv4 主管会计",IF(U13>=30,"Lv3 记账会计",IF(U13>=15,"Lv2 出纳","Lv1 实习生")))))
A14: =IF(学生档案!B14="","",学生档案!B14) | B14: =IF(学生档案!C14="","",学生档案!C14) | U14: =IF(A14="","",SUM(C14:T14)) | V14: =IF(U14="","",IF(U14>=80,"Lv5 CFO",IF(U14>=50,"Lv4 主管会计",IF(U14>=30,"Lv3 记账会计",IF(U14>=15,"Lv2 出纳","Lv1 实习生")))))
... A52: =IF(学生档案!B52="","",学生档案!B52) | B52: =IF(学生档案!C52="","",学生档案!C52) | U52: =IF(A52="","",SUM(C52:T52)) | V52: =IF(U52="","",IF(U52>=80,"Lv5 CFO",IF(U52>=50,"Lv4 主管会计",IF(U52>=30,"Lv3 记账会计",IF(U52>=15,"Lv2 出纳","Lv1 实习生")))))
A53: 等级门槛按课堂真实分值重定：15 出纳 / 30 记账会计 / 50 主管会计 / 80 CFO。旧表 120/260/420/600 是打地鼠高分时代的，和现在「一题最多 5 分」对不上。

Sheet 本周计算器
A1: 本周算分草稿纸。左：每人三路分自动/手填。右：粘贴两个 CSV。算完把 G 列「本周合计」复制为数值，粘到「每周积分」对应周。作业：没交0 / 交了2 / 认真5，一周最多两次。课堂已用 90-B2 加过的题，不要再当作业加。 | J1: 打地鼠 CSV 粘贴区（含表头。标准列：日期,姓名,难度,得分,答对,答错,用时秒,错题） | S1: 课堂计分 CSV「本节汇总」粘贴区（表头：姓名,组号,本节合计）。不要粘上面的流水明细。
A2: 学号 | B2: 姓名 | C2: 课堂分_90B2 | D2: 打地鼠_90B1 | E2: 作业1 | F2: 作业2 | G2: 本周合计 | H2: 构成 | J2: 日期 | K2: 姓名 | L2: 难度 | M2: 得分 | N2: 答对 | O2: 答错 | P2: 用时秒 | Q2: 错题 | S2: 姓名 | T2: 组号 | U2: 本节合计
A3: =IF(每周积分!A3="","",每周积分!A3) | B3: =IF(每周积分!B3="","",每周积分!B3) | C3: =IF(B3="","",IFERROR(SUMIF($S$3:$S$200,B3,$U$3:$U$200),0)) | D3: =IF(B3="","",IFERROR(SUMIF($K$3:$K$200,B3,$M$3:$M$200),0)) | G3: =IF(A3="","",SUM(C3:F3)) | H3: =IF(A3="","",CONCATENATE("课",C3," +鼠",D3," +作业",N(E3)+N(F3)))
A4: =IF(每周积分!A4="","",每周积分!A4) | B4: =IF(每周积分!B4="","",每周积分!B4) | C4: =IF(B4="","",IFERROR(SUMIF($S$3:$S$200,B4,$U$3:$U$200),0)) | D4: =IF(B4="","",IFERROR(SUMIF($K$3:$K$200,B4,$M$3:$M$200),0)) | G4: =IF(A4="","",SUM(C4:F4)) | H4: =IF(A4="","",CONCATENATE("课",C4," +鼠",D4," +作业",N(E4)+N(F4)))
A5: =IF(每周积分!A5="","",每周积分!A5) | B5: =IF(每周积分!B5="","",每周积分!B5) | C5: =IF(B5="","",IFERROR(SUMIF($S$3:$S$200,B5,$U$3:$U$200),0)) | D5: =IF(B5="","",IFERROR(SUMIF($K$3:$K$200,B5,$M$3:$M$200),0)) | G5: =IF(A5="","",SUM(C5:F5)) | H5: =IF(A5="","",CONCATENATE("课",C5," +鼠",D5," +作业",N(E5)+N(F5)))
A6: =IF(每周积分!A6="","",每周积分!A6) | B6: =IF(每周积分!B6="","",每周积分!B6) | C6: =IF(B6="","",IFERROR(SUMIF($S$3:$S$200,B6,$U$3:$U$200),0)) | D6: =IF(B6="","",IFERROR(SUMIF($K$3:$K$200,B6,$M$3:$M$200),0)) | G6: =IF(A6="","",SUM(C6:F6)) | H6: =IF(A6="","",CONCATENATE("课",C6," +鼠",D6," +作业",N(E6)+N(F6)))
A7: =IF(每周积分!A7="","",每周积分!A7) | B7: =IF(每周积分!B7="","",每周积分!B7) | C7: =IF(B7="","",IFERROR(SUMIF($S$3:$S$200,B7,$U$3:$U$200),0)) | D7: =IF(B7="","",IFERROR(SUMIF($K$3:$K$200,B7,$M$3:$M$200),0)) | G7: =IF(A7="","",SUM(C7:F7)) | H7: =IF(A7="","",CONCATENATE("课",C7," +鼠",D7," +作业",N(E7)+N(F7)))
A8: =IF(每周积分!A8="","",每周积分!A8) | B8: =IF(每周积分!B8="","",每周积分!B8) | C8: =IF(B8="","",IFERROR(SUMIF($S$3:$S$200,B8,$U$3:$U$200),0)) | D8: =IF(B8="","",IFERROR(SUMIF($K$3:$K$200,B8,$M$3:$M$200),0)) | G8: =IF(A8="","",SUM(C8:F8)) | H8: =IF(A8="","",CONCATENATE("课",C8," +鼠",D8," +作业",N(E8)+N(F8)))
A9: =IF(每周积分!A9="","",每周积分!A9) | B9: =IF(每周积分!B9="","",每周积分!B9) | C9: =IF(B9="","",IFERROR(SUMIF($S$3:$S$200,B9,$U$3:$U$200),0)) | D9: =IF(B9="","",IFERROR(SUMIF($K$3:$K$200,B9,$M$3:$M$200),0)) | G9: =IF(A9="","",SUM(C9:F9)) | H9: =IF(A9="","",CONCATENATE("课",C9," +鼠",D9," +作业",N(E9)+N(F9)))
A10: =IF(每周积分!A10="","",每周积分!A10) | B10: =IF(每周积分!B10="","",每周积分!B10) | C10: =IF(B10="","",IFERROR(SUMIF($S$3:$S$200,B10,$U$3:$U$200),0)) | D10: =IF(B10="","",IFERROR(SUMIF($K$3:$K$200,B10,$M$3:$M$200),0)) | G10: =IF(A10="","",SUM(C10:F10)) | H10: =IF(A10="","",CONCATENATE("课",C10," +鼠",D10," +作业",N(E10)+N(F10)))
A11: =IF(每周积分!A11="","",每周积分!A11) | B11: =IF(每周积分!B11="","",每周积分!B11) | C11: =IF(B11="","",IFERROR(SUMIF($S$3:$S$200,B11,$U$3:$U$200),0)) | D11: =IF(B11="","",IFERROR(SUMIF($K$3:$K$200,B11,$M$3:$M$200),0)) | G11: =IF(A11="","",SUM(C11:F11)) | H11: =IF(A11="","",CONCATENATE("课",C11," +鼠",D11," +作业",N(E11)+N(F11)))
A12: =IF(每周积分!A12="","",每周积分!A12) | B12: =IF(每周积分!B12="","",每周积分!B12) | C12: =IF(B12="","",IFERROR(SUMIF($S$3:$S$200,B12,$U$3:$U$200),0)) | D12: =IF(B12="","",IFERROR(SUMIF($K$3:$K$200,B12,$M$3:$M$200),0)) | G12: =IF(A12="","",SUM(C12:F12)) | H12: =IF(A12="","",CONCATENATE("课",C12," +鼠",D12," +作业",N(E12)+N(F12)))
A13: =IF(每周积分!A13="","",每周积分!A13) | B13: =IF(每周积分!B13="","",每周积分!B13) | C13: =IF(B13="","",IFERROR(SUMIF($S$3:$S$200,B13,$U$3:$U$200),0)) | D13: =IF(B13="","",IFERROR(SUMIF($K$3:$K$200,B13,$M$3:$M$200),0)) | G13: =IF(A13="","",SUM(C13:F13)) | H13: =IF(A13="","",CONCATENATE("课",C13," +鼠",D13," +作业",N(E13)+N(F13)))
A14: =IF(每周积分!A14="","",每周积分!A14) | B14: =IF(每周积分!B14="","",每周积分!B14) | C14: =IF(B14="","",IFERROR(SUMIF($S$3:$S$200,B14,$U$3:$U$200),0)) | D14: =IF(B14="","",IFERROR(SUMIF($K$3:$K$200,B14,$M$3:$M$200),0)) | G14: =IF(A14="","",SUM(C14:F14)) | H14: =IF(A14="","",CONCATENATE("课",C14," +鼠",D14," +作业",N(E14)+N(F14)))
... A52: =IF(每周积分!A52="","",每周积分!A52) | B52: =IF(每周积分!B52="","",每周积分!B52) | C52: =IF(B52="","",IFERROR(SUMIF($S$3:$S$200,B52,$U$3:$U$200),0)) | D52: =IF(B52="","",IFERROR(SUMIF($K$3:$K$200,B52,$M$3:$M$200),0)) | G52: =IF(A52="","",SUM(C52:F52)) | H52: =IF(A52="","",CONCATENATE("课",C52," +鼠",D52," +作业",N(E52)+N(F52)))

Sheet 本周之星
A1: 进步最大是公式，跟着「每周积分」X1 的周次走。讲题最佳、帮扶最多请你用下拉点。本期主IP 自动看这三人点单表第6题，空则退回第5题。出镜前看学生档案 T_红线 和 第16题。
A2: 周次 | B2: 进步最大（自动） | C2: 讲题最佳（手选） | D2: 帮扶最多（手选） | E2: 本期主IP（自动） | F2: 漫画主题 | G2: 是否已生成 | H2: 备注 | J2: 姓名 | K2: 本周分 | L2: 上周分 | M2: 进步
A3: 第1周 | E3: =IF(AND(B3="",C3="",D3=""),"",IFERROR(IF(AND(VLOOKUP(B3,学生档案!$C:$I,7,FALSE)<>"",OR(VLOOKUP(B3,学生档案!$C:$I,7,FALSE)=VLOOKUP(C3,学生档案!$C:$I,7,FALSE),VLOOKUP(B3,学生档案!$C:$I,7,FALSE)=VLOOKUP(D3,学生档案!$C:$I,7,FALSE))),VLOOKUP(B3,学生档案!$C:$I,7,FALSE),IF(AND(C3<>"",D3<>"",VLOOKUP(C3,学生档案!$C:$I,7,FALSE)=VLOOKUP(D3,学生档案!$C:$I,7,FALSE)),VLOOKUP(C3,学生档案!$C:$I,7,FALSE),IFERROR(IF(VLOOKUP(B3,学生档案!$C:$I,7,FALSE)<>"",VLOOKUP(B3,学生档案!$C:$I,7,FALSE),VLOOKUP(B3,学生档案!$C:$H,6,FALSE)),""))),"")) | J3: =IF(每周积分!B3="","",每周积分!B3) | K3: =IF(J3="","",IFERROR(INDEX(每周积分!C3:T3,1,每周积分!$X$1),0)) | L3: =IF(OR(J3="",每周积分!$X$1<=1),"",IFERROR(INDEX(每周积分!C3:T3,1,每周积分!$X$1-1),0)) | M3: =IF(J3="","",IF(每周积分!$X$1<=1,"",N(K3)-N(L3)))
A4: 第2周 | B4: =IF(每周积分!$X$1<>2,"",IFERROR(INDEX($J$3:$J$52,MATCH(MAX($M$3:$M$52),$M$3:$M$52,0)),"")) | E4: =IF(AND(B4="",C4="",D4=""),"",IFERROR(IF(AND(VLOOKUP(B4,学生档案!$C:$I,7,FALSE)<>"",OR(VLOOKUP(B4,学生档案!$C:$I,7,FALSE)=VLOOKUP(C4,学生档案!$C:$I,7,FALSE),VLOOKUP(B4,学生档案!$C:$I,7,FALSE)=VLOOKUP(D4,学生档案!$C:$I,7,FALSE))),VLOOKUP(B4,学生档案!$C:$I,7,FALSE),IF(AND(C4<>"",D4<>"",VLOOKUP(C4,学生档案!$C:$I,7,FALSE)=VLOOKUP(D4,学生档案!$C:$I,7,FALSE)),VLOOKUP(C4,学生档案!$C:$I,7,FALSE),IFERROR(IF(VLOOKUP(B4,学生档案!$C:$I,7,FALSE)<>"",VLOOKUP(B4,学生档案!$C:$I,7,FALSE),VLOOKUP(B4,学生档案!$C:$H,6,FALSE)),""))),"")) | J4: =IF(每周积分!B4="","",每周积分!B4) | K4: =IF(J4="","",IFERROR(INDEX(每周积分!C4:T4,1,每周积分!$X$1),0)) | L4: =IF(OR(J4="",每周积分!$X$1<=1),"",IFERROR(INDEX(每周积分!C4:T4,1,每周积分!$X$1-1),0)) | M4: =IF(J4="","",IF(每周积分!$X$1<=1,"",N(K4)-N(L4)))
A5: 第3周 | B5: =IF(每周积分!$X$1<>3,"",IFERROR(INDEX($J$3:$J$52,MATCH(MAX($M$3:$M$52),$M$3:$M$52,0)),"")) | E5: =IF(AND(B5="",C5="",D5=""),"",IFERROR(IF(AND(VLOOKUP(B5,学生档案!$C:$I,7,FALSE)<>"",OR(VLOOKUP(B5,学生档案!$C:$I,7,FALSE)=VLOOKUP(C5,学生档案!$C:$I,7,FALSE),VLOOKUP(B5,学生档案!$C:$I,7,FALSE)=VLOOKUP(D5,学生档案!$C:$I,7,FALSE))),VLOOKUP(B5,学生档案!$C:$I,7,FALSE),IF(AND(C5<>"",D5<>"",VLOOKUP(C5,学生档案!$C:$I,7,FALSE)=VLOOKUP(D5,学生档案!$C:$I,7,FALSE)),VLOOKUP(C5,学生档案!$C:$I,7,FALSE),IFERROR(IF(VLOOKUP(B5,学生档案!$C:$I,7,FALSE)<>"",VLOOKUP(B5,学生档案!$C:$I,7,FALSE),VLOOKUP(B5,学生档案!$C:$H,6,FALSE)),""))),"")) | J5: =IF(每周积分!B5="","",每周积分!B5) | K5: =IF(J5="","",IFERROR(INDEX(每周积分!C5:T5,1,每周积分!$X$1),0)) | L5: =IF(OR(J5="",每周积分!$X$1<=1),"",IFERROR(INDEX(每周积分!C5:T5,1,每周积分!$X$1-1),0)) | M5: =IF(J5="","",IF(每周积分!$X$1<=1,"",N(K5)-N(L5)))
A6: 第4周 | B6: =IF(每周积分!$X$1<>4,"",IFERROR(INDEX($J$3:$J$52,MATCH(MAX($M$3:$M$52),$M$3:$M$52,0)),"")) | E6: =IF(AND(B6="",C6="",D6=""),"",IFERROR(IF(AND(VLOOKUP(B6,学生档案!$C:$I,7,FALSE)<>"",OR(VLOOKUP(B6,学生档案!$C:$I,7,FALSE)=VLOOKUP(C6,学生档案!$C:$I,7,FALSE),VLOOKUP(B6,学生档案!$C:$I,7,FALSE)=VLOOKUP(D6,学生档案!$C:$I,7,FALSE))),VLOOKUP(B6,学生档案!$C:$I,7,FALSE),IF(AND(C6<>"",D6<>"",VLOOKUP(C6,学生档案!$C:$I,7,FALSE)=VLOOKUP(D6,学生档案!$C:$I,7,FALSE)),VLOOKUP(C6,学生档案!$C:$I,7,FALSE),IFERROR(IF(VLOOKUP(B6,学生档案!$C:$I,7,FALSE)<>"",VLOOKUP(B6,学生档案!$C:$I,7,FALSE),VLOOKUP(B6,学生档案!$C:$H,6,FALSE)),""))),"")) | J6: =IF(每周积分!B6="","",每周积分!B6) | K6: =IF(J6="","",IFERROR(INDEX(每周积分!C6:T6,1,每周积分!$X$1),0)) | L6: =IF(OR(J6="",每周积分!$X$1<=1),"",IFERROR(INDEX(每周积分!C6:T6,1,每周积分!$X$1-1),0)) | M6: =IF(J6="","",IF(每周积分!$X$1<=1,"",N(K6)-N(L6)))
A7: 第5周 | B7: =IF(每周积分!$X$1<>5,"",IFERROR(INDEX($J$3:$J$52,MATCH(MAX($M$3:$M$52),$M$3:$M$52,0)),"")) | E7: =IF(AND(B7="",C7="",D7=""),"",IFERROR(IF(AND(VLOOKUP(B7,学生档案!$C:$I,7,FALSE)<>"",OR(VLOOKUP(B7,学生档案!$C:$I,7,FALSE)=VLOOKUP(C7,学生档案!$C:$I,7,FALSE),VLOOKUP(B7,学生档案!$C:$I,7,FALSE)=VLOOKUP(D7,学生档案!$C:$I,7,FALSE))),VLOOKUP(B7,学生档案!$C:$I,7,FALSE),IF(AND(C7<>"",D7<>"",VLOOKUP(C7,学生档案!$C:$I,7,FALSE)=VLOOKUP(D7,学生档案!$C:$I,7,FALSE)),VLOOKUP(C7,学生档案!$C:$I,7,FALSE),IFERROR(IF(VLOOKUP(B7,学生档案!$C:$I,7,FALSE)<>"",VLOOKUP(B7,学生档案!$C:$I,7,FALSE),VLOOKUP(B7,学生档案!$C:$H,6,FALSE)),""))),"")) | J7: =IF(每周积分!B7="","",每周积分!B7) | K7: =IF(J7="","",IFERROR(INDEX(每周积分!C7:T7,1,每周积分!$X$1),0)) | L7: =IF(OR(J7="",每周积分!$X$1<=1),"",IFERROR(INDEX(每周积分!C7:T7,1,每周积分!$X$1-1),0)) | M7: =IF(J7="","",IF(每周积分!$X$1<=1,"",N(K7)-N(L7)))
A8: 第6周 | B8: =IF(每周积分!$X$1<>6,"",IFERROR(INDEX($J$3:$J$52,MATCH(MAX($M$3:$M$52),$M$3:$M$52,0)),"")) | E8: =IF(AND(B8="",C8="",D8=""),"",IFERROR(IF(AND(VLOOKUP(B8,学生档案!$C:$I,7,FALSE)<>"",OR(VLOOKUP(B8,学生档案!$C:$I,7,FALSE)=VLOOKUP(C8,学生档案!$C:$I,7,FALSE),VLOOKUP(B8,学生档案!$C:$I,7,FALSE)=VLOOKUP(D8,学生档案!$C:$I,7,FALSE))),VLOOKUP(B8,学生档案!$C:$I,7,FALSE),IF(AND(C8<>"",D8<>"",VLOOKUP(C8,学生档案!$C:$I,7,FALSE)=VLOOKUP(D8,学生档案!$C:$I,7,FALSE)),VLOOKUP(C8,学生档案!$C:$I,7,FALSE),IFERROR(IF(VLOOKUP(B8,学生档案!$C:$I,7,FALSE)<>"",VLOOKUP(B8,学生档案!$C:$I,7,FALSE),VLOOKUP(B8,学生档案!$C:$H,6,FALSE)),""))),"")) | J8: =IF(每周积分!B8="","",每周积分!B8) | K8: =IF(J8="","",IFERROR(INDEX(每周积分!C8:T8,1,每周积分!$X$1),0)) | L8: =IF(OR(J8="",每周积分!$X$1<=1),"",IFERROR(INDEX(每周积分!C8:T8,1,每周积分!$X$1-1),0)) | M8: =IF(J8="","",IF(每周积分!$X$1<=1,"",N(K8)-N(L8)))
A9: 第7周 | B9: =IF(每周积分!$X$1<>7,"",IFERROR(INDEX($J$3:$J$52,MATCH(MAX($M$3:$M$52),$M$3:$M$52,0)),"")) | E9: =IF(AND(B9="",C9="",D9=""),"",IFERROR(IF(AND(VLOOKUP(B9,学生档案!$C:$I,7,FALSE)<>"",OR(VLOOKUP(B9,学生档案!$C:$I,7,FALSE)=VLOOKUP(C9,学生档案!$C:$I,7,FALSE),VLOOKUP(B9,学生档案!$C:$I,7,FALSE)=VLOOKUP(D9,学生档案!$C:$I,7,FALSE))),VLOOKUP(B9,学生档案!$C:$I,7,FALSE),IF(AND(C9<>"",D9<>"",VLOOKUP(C9,学生档案!$C:$I,7,FALSE)=VLOOKUP(D9,学生档案!$C:$I,7,FALSE)),VLOOKUP(C9,学生档案!$C:$I,7,FALSE),IFERROR(IF(VLOOKUP(B9,学生档案!$C:$I,7,FALSE)<>"",VLOOKUP(B9,学生档案!$C:$I,7,FALSE),VLOOKUP(B9,学生档案!$C:$H,6,FALSE)),""))),"")) | J9: =IF(每周积分!B9="","",每周积分!B9) | K9: =IF(J9="","",IFERROR(INDEX(每周积分!C9:T9,1,每周积分!$X$1),0)) | L9: =IF(OR(J9="",每周积分!$X$1<=1),"",IFERROR(INDEX(每周积分!C9:T9,1,每周积分!$X$1-1),0)) | M9: =IF(J9="","",IF(每周积分!$X$1<=1,"",N(K9)-N(L9)))
A10: 第8周 | B10: =IF(每周积分!$X$1<>8,"",IFERROR(INDEX($J$3:$J$52,MATCH(MAX($M$3:$M$52),$M$3:$M$52,0)),"")) | E10: =IF(AND(B10="",C10="",D10=""),"",IFERROR(IF(AND(VLOOKUP(B10,学生档案!$C:$I,7,FALSE)<>"",OR(VLOOKUP(B10,学生档案!$C:$I,7,FALSE)=VLOOKUP(C10,学生档案!$C:$I,7,FALSE),VLOOKUP(B10,学生档案!$C:$I,7,FALSE)=VLOOKUP(D10,学生档案!$C:$I,7,FALSE))),VLOOKUP(B10,学生档案!$C:$I,7,FALSE),IF(AND(C10<>"",D10<>"",VLOOKUP(C10,学生档案!$C:$I,7,FALSE)=VLOOKUP(D10,学生档案!$C:$I,7,FALSE)),VLOOKUP(C10,学生档案!$C:$I,7,FALSE),IFERROR(IF(VLOOKUP(B10,学生档案!$C:$I,7,FALSE)<>"",VLOOKUP(B10,学生档案!$C:$I,7,FALSE),VLOOKUP(B10,学生档案!$C:$H,6,FALSE)),""))),"")) | J10: =IF(每周积分!B10="","",每周积分!B10) | K10: =IF(J10="","",IFERROR(INDEX(每周积分!C10:T10,1,每周积分!$X$1),0)) | L10: =IF(OR(J10="",每周积分!$X$1<=1),"",IFERROR(INDEX(每周积分!C10:T10,1,每周积分!$X$1-1),0)) | M10: =IF(J10="","",IF(每周积分!$X$1<=1,"",N(K10)-N(L10)))
A11: 第9周 | B11: =IF(每周积分!$X$1<>9,"",IFERROR(INDEX($J$3:$J$52,MATCH(MAX($M$3:$M$52),$M$3:$M$52,0)),"")) | E11: =IF(AND(B11="",C11="",D11=""),"",IFERROR(IF(AND(VLOOKUP(B11,学生档案!$C:$I,7,FALSE)<>"",OR(VLOOKUP(B11,学生档案!$C:$I,7,FALSE)=VLOOKUP(C11,学生档案!$C:$I,7,FALSE),VLOOKUP(B11,学生档案!$C:$I,7,FALSE)=VLOOKUP(D11,学生档案!$C:$I,7,FALSE))),VLOOKUP(B11,学生档案!$C:$I,7,FALSE),IF(AND(C11<>"",D11<>"",VLOOKUP(C11,学生档案!$C:$I,7,FALSE)=VLOOKUP(D11,学生档案!$C:$I,7,FALSE)),VLOOKUP(C11,学生档案!$C:$I,7,FALSE),IFERROR(IF(VLOOKUP(B11,学生档案!$C:$I,7,FALSE)<>"",VLOOKUP(B11,学生档案!$C:$I,7,FALSE),VLOOKUP(B11,学生档案!$C:$H,6,FALSE)),""))),"")) | J11: =IF(每周积分!B11="","",每周积分!B11) | K11: =IF(J11="","",IFERROR(INDEX(每周积分!C11:T11,1,每周积分!$X$1),0)) | L11: =IF(OR(J11="",每周积分!$X$1<=1),"",IFERROR(INDEX(每周积分!C11:T11,1,每周积分!$X$1-1),0)) | M11: =IF(J11="","",IF(每周积分!$X$1<=1,"",N(K11)-N(L11)))
A12: 第10周 | B12: =IF(每周积分!$X$1<>10,"",IFERROR(INDEX($J$3:$J$52,MATCH(MAX($M$3:$M$52),$M$3:$M$52,0)),"")) | E12: =IF(AND(B12="",C12="",D12=""),"",IFERROR(IF(AND(VLOOKUP(B12,学生档案!$C:$I,7,FALSE)<>"",OR(VLOOKUP(B12,学生档案!$C:$I,7,FALSE)=VLOOKUP(C12,学生档案!$C:$I,7,FALSE),VLOOKUP(B12,学生档案!$C:$I,7,FALSE)=VLOOKUP(D12,学生档案!$C:$I,7,FALSE))),VLOOKUP(B12,学生档案!$C:$I,7,FALSE),IF(AND(C12<>"",D12<>"",VLOOKUP(C12,学生档案!$C:$I,7,FALSE)=VLOOKUP(D12,学生档案!$C:$I,7,FALSE)),VLOOKUP(C12,学生档案!$C:$I,7,FALSE),IFERROR(IF(VLOOKUP(B12,学生档案!$C:$I,7,FALSE)<>"",VLOOKUP(B12,学生档案!$C:$I,7,FALSE),VLOOKUP(B12,学生档案!$C:$H,6,FALSE)),""))),"")) | J12: =IF(每周积分!B12="","",每周积分!B12) | K12: =IF(J12="","",IFERROR(INDEX(每周积分!C12:T12,1,每周积分!$X$1),0)) | L12: =IF(OR(J12="",每周积分!$X$1<=1),"",IFERROR(INDEX(每周积分!C12:T12,1,每周积分!$X$1-1),0)) | M12: =IF(J12="","",IF(每周积分!$X$1<=1,"",N(K12)-N(L12)))
A13: 第11周 | B13: =IF(每周积分!$X$1<>11,"",IFERROR(INDEX($J$3:$J$52,MATCH(MAX($M$3:$M$52),$M$3:$M$52,0)),"")) | E13: =IF(AND(B13="",C13="",D13=""),"",IFERROR(IF(AND(VLOOKUP(B13,学生档案!$C:$I,7,FALSE)<>"",OR(VLOOKUP(B13,学生档案!$C:$I,7,FALSE)=VLOOKUP(C13,学生档案!$C:$I,7,FALSE),VLOOKUP(B13,学生档案!$C:$I,7,FALSE)=VLOOKUP(D13,学生档案!$C:$I,7,FALSE))),VLOOKUP(B13,学生档案!$C:$I,7,FALSE),IF(AND(C13<>"",D13<>"",VLOOKUP(C13,学生档案!$C:$I,7,FALSE)=VLOOKUP(D13,学生档案!$C:$I,7,FALSE)),VLOOKUP(C13,学生档案!$C:$I,7,FALSE),IFERROR(IF(VLOOKUP(B13,学生档案!$C:$I,7,FALSE)<>"",VLOOKUP(B13,学生档案!$C:$I,7,FALSE),VLOOKUP(B13,学生档案!$C:$H,6,FALSE)),""))),"")) | J13: =IF(每周积分!B13="","",每周积分!B13) | K13: =IF(J13="","",IFERROR(INDEX(每周积分!C13:T13,1,每周积分!$X$1),0)) | L13: =IF(OR(J13="",每周积分!$X$1<=1),"",IFERROR(INDEX(每周积分!C13:T13,1,每周积分!$X$1-1),0)) | M13: =IF(J13="","",IF(每周积分!$X$1<=1,"",N(K13)-N(L13)))
A14: 第12周 | B14: =IF(每周积分!$X$1<>12,"",IFERROR(INDEX($J$3:$J$52,MATCH(MAX($M$3:$M$52),$M$3:$M$52,0)),"")) | E14: =IF(AND(B14="",C14="",D14=""),"",IFERROR(IF(AND(VLOOKUP(B14,学生档案!$C:$I,7,FALSE)<>"",OR(VLOOKUP(B14,学生档案!$C:$I,7,FALSE)=VLOOKUP(C14,学生档案!$C:$I,7,FALSE),VLOOKUP(B14,学生档案!$C:$I,7,FALSE)=VLOOKUP(D14,学生档案!$C:$I,7,FALSE))),VLOOKUP(B14,学生档案!$C:$I,7,FALSE),IF(AND(C14<>"",D14<>"",VLOOKUP(C14,学生档案!$C:$I,7,FALSE)=VLOOKUP(D14,学生档案!$C:$I,7,FALSE)),VLOOKUP(C14,学生档案!$C:$I,7,FALSE),IFERROR(IF(VLOOKUP(B14,学生档案!$C:$I,7,FALSE)<>"",VLOOKUP(B14,学生档案!$C:$I,7,FALSE),VLOOKUP(B14,学生档案!$C:$H,6,FALSE)),""))),"")) | J14: =IF(每周积分!B14="","",每周积分!B14) | K14: =IF(J14="","",IFERROR(INDEX(每周积分!C14:T14,1,每周积分!$X$1),0)) | L14: =IF(OR(J14="",每周积分!$X$1<=1),"",IFERROR(INDEX(每周积分!C14:T14,1,每周积分!$X$1-1),0)) | M14: =IF(J14="","",IF(每周积分!$X$1<=1,"",N(K14)-N(L14)))
A15: 第13周 | B15: =IF(每周积分!$X$1<>13,"",IFERROR(INDEX($J$3:$J$52,MATCH(MAX($M$3:$M$52),$M$3:$M$52,0)),"")) | E15: =IF(AND(B15="",C15="",D15=""),"",IFERROR(IF(AND(VLOOKUP(B15,学生档案!$C:$I,7,FALSE)<>"",OR(VLOOKUP(B15,学生档案!$C:$I,7,FALSE)=VLOOKUP(C15,学生档案!$C:$I,7,FALSE),VLOOKUP(B15,学生档案!$C:$I,7,FALSE)=VLOOKUP(D15,学生档案!$C:$I,7,FALSE))),VLOOKUP(B15,学生档案!$C:$I,7,FALSE),IF(AND(C15<>"",D15<>"",VLOOKUP(C15,学生档案!$C:$I,7,FALSE)=VLOOKUP(D15,学生档案!$C:$I,7,FALSE)),VLOOKUP(C15,学生档案!$C:$I,7,FALSE),IFERROR(IF(VLOOKUP(B15,学生档案!$C:$I,7,FALSE)<>"",VLOOKUP(B15,学生档案!$C:$I,7,FALSE),VLOOKUP(B15,学生档案!$C:$H,6,FALSE)),""))),"")) | J15: =IF(每周积分!B15="","",每周积分!B15) | K15: =IF(J15="","",IFERROR(INDEX(每周积分!C15:T15,1,每周积分!$X$1),0)) | L15: =IF(OR(J15="",每周积分!$X$1<=1),"",IFERROR(INDEX(每周积分!C15:T15,1,每周积分!$X$1-1),0)) | M15: =IF(J15="","",IF(每周积分!$X$1<=1,"",N(K15)-N(L15)))
A16: 第14周 | B16: =IF(每周积分!$X$1<>14,"",IFERROR(INDEX($J$3:$J$52,MATCH(MAX($M$3:$M$52),$M$3:$M$52,0)),"")) | E16: =IF(AND(B16="",C16="",D16=""),"",IFERROR(IF(AND(VLOOKUP(B16,学生档案!$C:$I,7,FALSE)<>"",OR(VLOOKUP(B16,学生档案!$C:$I,7,FALSE)=VLOOKUP(C16,学生档案!$C:$I,7,FALSE),VLOOKUP(B16,学生档案!$C:$I,7,FALSE)=VLOOKUP(D16,学生档案!$C:$I,7,FALSE))),VLOOKUP(B16,学生档案!$C:$I,7,FALSE),IF(AND(C16<>"",D16<>"",VLOOKUP(C16,学生档案!$C:$I,7,FALSE)=VLOOKUP(D16,学生档案!$C:$I,7,FALSE)),VLOOKUP(C16,学生档案!$C:$I,7,FALSE),IFERROR(IF(VLOOKUP(B16,学生档案!$C:$I,7,FALSE)<>"",VLOOKUP(B16,学生档案!$C:$I,7,FALSE),VLOOKUP(B16,学生档案!$C:$H,6,FALSE)),""))),"")) | J16: =IF(每周积分!B16="","",每周积分!B16) | K16: =IF(J16="","",IFERROR(INDEX(每周积分!C16:T16,1,每周积分!$X$1),0)) | L16: =IF(OR(J16="",每周积分!$X$1<=1),"",IFERROR(INDEX(每周积分!C16:T16,1,每周积分!$X$1-1),0)) | M16: =IF(J16="","",IF(每周积分!$X$1<=1,"",N(K16)-N(L16)))
A17: 第15周 | B17: =IF(每周积分!$X$1<>15,"",IFERROR(INDEX($J$3:$J$52,MATCH(MAX($M$3:$M$52),$M$3:$M$52,0)),"")) | E17: =IF(AND(B17="",C17="",D17=""),"",IFERROR(IF(AND(VLOOKUP(B17,学生档案!$C:$I,7,FALSE)<>"",OR(VLOOKUP(B17,学生档案!$C:$I,7,FALSE)=VLOOKUP(C17,学生档案!$C:$I,7,FALSE),VLOOKUP(B17,学生档案!$C:$I,7,FALSE)=VLOOKUP(D17,学生档案!$C:$I,7,FALSE))),VLOOKUP(B17,学生档案!$C:$I,7,FALSE),IF(AND(C17<>"",D17<>"",VLOOKUP(C17,学生档案!$C:$I,7,FALSE)=VLOOKUP(D17,学生档案!$C:$I,7,FALSE)),VLOOKUP(C17,学生档案!$C:$I,7,FALSE),IFERROR(IF(VLOOKUP(B17,学生档案!$C:$I,7,FALSE)<>"",VLOOKUP(B17,学生档案!$C:$I,7,FALSE),VLOOKUP(B17,学生档案!$C:$H,6,FALSE)),""))),"")) | J17: =IF(每周积分!B17="","",每周积分!B17) | K17: =IF(J17="","",IFERROR(INDEX(每周积分!C17:T17,1,每周积分!$X$1),0)) | L17: =IF(OR(J17="",每周积分!$X$1<=1),"",IFERROR(INDEX(每周积分!C17:T17,1,每周积分!$X$1-1),0)) | M17: =IF(J17="","",IF(每周积分!$X$1<=1,"",N(K17)-N(L17)))
A18: 第16周 | B18: =IF(每周积分!$X$1<>16,"",IFERROR(INDEX($J$3:$J$52,MATCH(MAX($M$3:$M$52),$M$3:$M$52,0)),"")) | E18: =IF(AND(B18="",C18="",D18=""),"",IFERROR(IF(AND(VLOOKUP(B18,学生档案!$C:$I,7,FALSE)<>"",OR(VLOOKUP(B18,学生档案!$C:$I,7,FALSE)=VLOOKUP(C18,学生档案!$C:$I,7,FALSE),VLOOKUP(B18,学生档案!$C:$I,7,FALSE)=VLOOKUP(D18,学生档案!$C:$I,7,FALSE))),VLOOKUP(B18,学生档案!$C:$I,7,FALSE),IF(AND(C18<>"",D18<>"",VLOOKUP(C18,学生档案!$C:$I,7,FALSE)=VLOOKUP(D18,学生档案!$C:$I,7,FALSE)),VLOOKUP(C18,学生档案!$C:$I,7,FALSE),IFERROR(IF(VLOOKUP(B18,学生档案!$C:$I,7,FALSE)<>"",VLOOKUP(B18,学生档案!$C:$I,7,FALSE),VLOOKUP(B18,学生档案!$C:$H,6,FALSE)),""))),"")) | J18: =IF(每周积分!B18="","",每周积分!B18) | K18: =IF(J18="","",IFERROR(INDEX(每周积分!C18:T18,1,每周积分!$X$1),0)) | L18: =IF(OR(J18="",每周积分!$X$1<=1),"",IFERROR(INDEX(每周积分!C18:T18,1,每周积分!$X$1-1),0)) | M18: =IF(J18="","",IF(每周积分!$X$1<=1,"",N(K18)-N(L18)))
A19: 第17周 | B19: =IF(每周积分!$X$1<>17,"",IFERROR(INDEX($J$3:$J$52,MATCH(MAX($M$3:$M$52),$M$3:$M$52,0)),"")) | E19: =IF(AND(B19="",C19="",D19=""),"",IFERROR(IF(AND(VLOOKUP(B19,学生档案!$C:$I,7,FALSE)<>"",OR(VLOOKUP(B19,学生档案!$C:$I,7,FALSE)=VLOOKUP(C19,学生档案!$C:$I,7,FALSE),VLOOKUP(B19,学生档案!$C:$I,7,FALSE)=VLOOKUP(D19,学生档案!$C:$I,7,FALSE))),VLOOKUP(B19,学生档案!$C:$I,7,FALSE),IF(AND(C19<>"",D19<>"",VLOOKUP(C19,学生档案!$C:$I,7,FALSE)=VLOOKUP(D19,学生档案!$C:$I,7,FALSE)),VLOOKUP(C19,学生档案!$C:$I,7,FALSE),IFERROR(IF(VLOOKUP(B19,学生档案!$C:$I,7,FALSE)<>"",VLOOKUP(B19,学生档案!$C:$I,7,FALSE),VLOOKUP(B19,学生档案!$C:$H,6,FALSE)),""))),"")) | J19: =IF(每周积分!B19="","",每周积分!B19) | K19: =IF(J19="","",IFERROR(INDEX(每周积分!C19:T19,1,每周积分!$X$1),0)) | L19: =IF(OR(J19="",每周积分!$X$1<=1),"",IFERROR(INDEX(每周积分!C19:T19,1,每周积分!$X$1-1),0)) | M19: =IF(J19="","",IF(每周积分!$X$1<=1,"",N(K19)-N(L19)))
A20: 第18周 | B20: =IF(每周积分!$X$1<>18,"",IFERROR(INDEX($J$3:$J$52,MATCH(MAX($M$3:$M$52),$M$3:$M$52,0)),"")) | E20: =IF(AND(B20="",C20="",D20=""),"",IFERROR(IF(AND(VLOOKUP(B20,学生档案!$C:$I,7,FALSE)<>"",OR(VLOOKUP(B20,学生档案!$C:$I,7,FALSE)=VLOOKUP(C20,学生档案!$C:$I,7,FALSE),VLOOKUP(B20,学生档案!$C:$I,7,FALSE)=VLOOKUP(D20,学生档案!$C:$I,7,FALSE))),VLOOKUP(B20,学生档案!$C:$I,7,FALSE),IF(AND(C20<>"",D20<>"",VLOOKUP(C20,学生档案!$C:$I,7,FALSE)=VLOOKUP(D20,学生档案!$C:$I,7,FALSE)),VLOOKUP(C20,学生档案!$C:$I,7,FALSE),IFERROR(IF(VLOOKUP(B20,学生档案!$C:$I,7,FALSE)<>"",VLOOKUP(B20,学生档案!$C:$I,7,FALSE),VLOOKUP(B20,学生档案!$C:$H,6,FALSE)),""))),"")) | J20: =IF(每周积分!B20="","",每周积分!B20) | K20: =IF(J20="","",IFERROR(INDEX(每周积分!C20:T20,1,每周积分!$X$1),0)) | L20: =IF(OR(J20="",每周积分!$X$1<=1),"",IFERROR(INDEX(每周积分!C20:T20,1,每周积分!$X$1-1),0)) | M20: =IF(J20="","",IF(每周积分!$X$1<=1,"",N(K20)-N(L20)))
J21: =IF(每周积分!B21="","",每周积分!B21) | K21: =IF(J21="","",IFERROR(INDEX(每周积分!C21:T21,1,每周积分!$X$1),0)) | L21: =IF(OR(J21="",每周积分!$X$1<=1),"",IFERROR(INDEX(每周积分!C21:T21,1,每周积分!$X$1-1),0)) | M21: =IF(J21="","",IF(每周积分!$X$1<=1,"",N(K21)-N(L21)))
A22: 右边 J-M 是算进步用的辅助列，打印前可隐藏。MAX 若有并列，取表里先出现的那一个，另一人可手写进备注。 | J22: =IF(每周积分!B22="","",每周积分!B22) | K22: =IF(J22="","",IFERROR(INDEX(每周积分!C22:T22,1,每周积分!$X$1),0)) | L22: =IF(OR(J22="",每周积分!$X$1<=1),"",IFERROR(INDEX(每周积分!C22:T22,1,每周积分!$X$1-1),0)) | M22: =IF(J22="","",IF(每周积分!$X$1<=1,"",N(K22)-N(L22)))
J23: =IF(每周积分!B23="","",每周积分!B23) | K23: =IF(J23="","",IFERROR(INDEX(每周积分!C23:T23,1,每周积分!$X$1),0)) | L23: =IF(OR(J23="",每周积分!$X$1<=1),"",IFERROR(INDEX(每周积分!C23:T23,1,每周积分!$X$1-1),0)) | M23: =IF(J23="","",IF(每周积分!$X$1<=1,"",N(K23)-N(L23)))
J24: =IF(每周积分!B24="","",每周积分!B24) | K24: =IF(J24="","",IFERROR(INDEX(每周积分!C24:T24,1,每周积分!$X$1),0)) | L24: =IF(OR(J24="",每周积分!$X$1<=1),"",IFERROR(INDEX(每周积分!C24:T24,1,每周积分!$X$1-1),0)) | M24: =IF(J24="","",IF(每周积分!$X$1<=1,"",N(K24)-N(L24)))
J25: =IF(每周积分!B25="","",每周积分!B25) | K25: =IF(J25="","",IFERROR(INDEX(每周积分!C25:T25,1,每周积分!$X$1),0)) | L25: =IF(OR(J25="",每周积分!$X$1<=1),"",IFERROR(INDEX(每周积分!C25:T25,1,每周积分!$X$1-1),0)) | M25: =IF(J25="","",IF(每周积分!$X$1<=1,"",N(K25)-N(L25)))
J26: =IF(每周积分!B26="","",每周积分!B26) | K26: =IF(J26="","",IFERROR(INDEX(每周积分!C26:T26,1,每周积分!$X$1),0)) | L26: =IF(OR(J26="",每周积分!$X$1<=1),"",IFERROR(INDEX(每周积分!C26:T26,1,每周积分!$X$1-1),0)) | M26: =IF(J26="","",IF(每周积分!$X$1<=1,"",N(K26)-N(L26)))
J27: =IF(每周积分!B27="","",每周积分!B27) | K27: =IF(J27="","",IFERROR(INDEX(每周积分!C27:T27,1,每周积分!$X$1),0)) | L27: =IF(OR(J27="",每周积分!$X$1<=1),"",IFERROR(INDEX(每周积分!C27:T27,1,每周积分!$X$1-1),0)) | M27: =IF(J27="","",IF(每周积分!$X$1<=1,"",N(K27)-N(L27)))
J28: =IF(每周积分!B28="","",每周积分!B28) | K28: =IF(J28="","",IFERROR(INDEX(每周积分!C28:T28,1,每周积分!$X$1),0)) | L28: =IF(OR(J28="",每周积分!$X$1<=1),"",IFERROR(INDEX(每周积分!C28:T28,1,每周积分!$X$1-1),0)) | M28: =IF(J28="","",IF(每周积分!$X$1<=1,"",N(K28)-N(L28)))
J29: =IF(每周积分!B29="","",每周积分!B29) | K29: =IF(J29="","",IFERROR(INDEX(每周积分!C29:T29,1,每周积分!$X$1),0)) | L29: =IF(OR(J29="",每周积分!$X$1<=1),"",IFERROR(INDEX(每周积分!C29:T29,1,每周积分!$X$1-1),0)) | M29: =IF(J29="","",IF(每周积分!$X$1<=1,"",N(K29)-N(L29)))
J30: =IF(每周积分!B30="","",每周积分!B30) | K30: =IF(J30="","",IFERROR(INDEX(每周积分!C30:T30,1,每周积分!$X$1),0)) | L30: =IF(OR(J30="",每周积分!$X$1<=1),"",IFERROR(INDEX(每周积分!C30:T30,1,每周积分!$X$1-1),0)) | M30: =IF(J30="","",IF(每周积分!$X$1<=1,"",N(K30)-N(L30)))
J31: =IF(每周积分!B31="","",每周积分!B31) | K31: =IF(J31="","",IFERROR(INDEX(每周积分!C31:T31,1,每周积分!$X$1),0)) | L31: =IF(OR(J31="",每周积分!$X$1<=1),"",IFERROR(INDEX(每周积分!C31:T31,1,每周积分!$X$1-1),0)) | M31: =IF(J31="","",IF(每周积分!$X$1<=1,"",N(K31)-N(L31)))
J32: =IF(每周积分!B32="","",每周积分!B32) | K32: =IF(J32="","",IFERROR(INDEX(每周积分!C32:T32,1,每周积分!$X$1),0)) | L32: =IF(OR(J32="",每周积分!$X$1<=1),"",IFERROR(INDEX(每周积分!C32:T32,1,每周积分!$X$1-1),0)) | M32: =IF(J32="","",IF(每周积分!$X$1<=1,"",N(K32)-N(L32)))
J33: =IF(每周积分!B33="","",每周积分!B33) | K33: =IF(J33="","",IFERROR(INDEX(每周积分!C33:T33,1,每周积分!$X$1),0)) | L33: =IF(OR(J33="",每周积分!$X$1<=1),"",IFERROR(INDEX(每周积分!C33:T33,1,每周积分!$X$1-1),0)) | M33: =IF(J33="","",IF(每周积分!$X$1<=1,"",N(K33)-N(L33)))
J34: =IF(每周积分!B34="","",每周积分!B34) | K34: =IF(J34="","",IFERROR(INDEX(每周积分!C34:T34,1,每周积分!$X$1),0)) | L34: =IF(OR(J34="",每周积分!$X$1<=1),"",IFERROR(INDEX(每周积分!C34:T34,1,每周积分!$X$1-1),0)) | M34: =IF(J34="","",IF(每周积分!$X$1<=1,"",N(K34)-N(L34)))
... J52: =IF(每周积分!B52="","",每周积分!B52) | K52: =IF(J52="","",IFERROR(INDEX(每周积分!C52:T52,1,每周积分!$X$1),0)) | L52: =IF(OR(J52="",每周积分!$X$1<=1),"",IFERROR(INDEX(每周积分!C52:T52,1,每周积分!$X$1-1),0)) | M52: =IF(J52="","",IF(每周积分!$X$1<=1,"",N(K52)-N(L52)))

Sheet 问卷统计
A1: 全是公式，对着「学生档案」自动数。多选题用模糊匹配，逗号/分号/顿号都能数到。收齐点单后看第5/18/19/20题，把前几名抄进 90-C5。
A2: 统计项 | B2: 选项 | C2: 人数 | D2: 占比 | E2: 用途 | F2: 对应点单表列
A3: 1 接触过会计吗 | B3: 完全没有 | C3: =COUNTIF(学生档案!$D$3:$D$52,B3) | D3: =IF(COUNTA(学生档案!$C$3:$C$52)=0,"",C3/COUNTA(学生档案!$C$3:$C$52)) | E3: 分组：每组混一个数学好的、一个完全没接触过的 | F3: D
B4: 听说过没学过 | C4: =COUNTIF(学生档案!$D$3:$D$52,B4) | D4: =IF(COUNTA(学生档案!$C$3:$C$52)=0,"",C4/COUNTA(学生档案!$C$3:$C$52)) | E4: 分组：每组混一个数学好的、一个完全没接触过的 | F4: D
B5: 家里有人做会计 | C5: =COUNTIF(学生档案!$D$3:$D$52,B5) | D5: =IF(COUNTA(学生档案!$C$3:$C$52)=0,"",C5/COUNTA(学生档案!$C$3:$C$52)) | E5: 分组：每组混一个数学好的、一个完全没接触过的 | F5: D
B6: 自己学过一点 | C6: =COUNTIF(学生档案!$D$3:$D$52,B6) | D6: =IF(COUNTA(学生档案!$C$3:$C$52)=0,"",C6/COUNTA(学生档案!$C$3:$C$52)) | E6: 分组：每组混一个数学好的、一个完全没接触过的 | F6: D
A7: 2 数学怎么样 | B7: 还不错 | C7: =COUNTIF(学生档案!$E$3:$E$52,B7) | D7: =IF(COUNTA(学生档案!$C$3:$C$52)=0,"",C7/COUNTA(学生档案!$C$3:$C$52)) | E7: 同上，分组用 | F7: E
B8: 一般 | C8: =COUNTIF(学生档案!$E$3:$E$52,B8) | D8: =IF(COUNTA(学生档案!$C$3:$C$52)=0,"",C8/COUNTA(学生档案!$C$3:$C$52)) | E8: 同上，分组用 | F8: E
B9: 比较吃力 | C9: =COUNTIF(学生档案!$E$3:$E$52,B9) | D9: =IF(COUNTA(学生档案!$C$3:$C$52)=0,"",C9/COUNTA(学生档案!$C$3:$C$52)) | E9: 同上，分组用 | F9: E
B10: 看到数字就头大 | C10: =COUNTIF(学生档案!$E$3:$E$52,B10) | D10: =IF(COUNTA(学生档案!$C$3:$C$52)=0,"",C10/COUNTA(学生档案!$C$3:$C$52)) | E10: 同上，分组用 | F10: E
A11: 3 希望怎么上课 | B11: 多做游戏比赛 | C11: =COUNTIF(学生档案!$F$3:$F$52,"*"&B11&"*") | D11: =IF(COUNTA(学生档案!$C$3:$C$52)=0,"",C11/COUNTA(学生档案!$C$3:$C$52)) | E11: 超 70% 要游戏 → B 线加码 | F11: F
B12: 多讲实际案例 | C12: =COUNTIF(学生档案!$F$3:$F$52,"*"&B12&"*") | D12: =IF(COUNTA(学生档案!$C$3:$C$52)=0,"",C12/COUNTA(学生档案!$C$3:$C$52)) | E12: 超 70% 要游戏 → B 线加码 | F12: F
B13: 多动手实训 | C13: =COUNTIF(学生档案!$F$3:$F$52,"*"&B13&"*") | D13: =IF(COUNTA(学生档案!$C$3:$C$52)=0,"",C13/COUNTA(学生档案!$C$3:$C$52)) | E13: 超 70% 要游戏 → B 线加码 | F13: F
B14: 讲慢一点细一点 | C14: =COUNTIF(学生档案!$F$3:$F$52,"*"&B14&"*") | D14: =IF(COUNTA(学生档案!$C$3:$C$52)=0,"",C14/COUNTA(学生档案!$C$3:$C$52)) | E14: 超 70% 要游戏 → B 线加码 | F14: F
B15: 多用视频动画 | C15: =COUNTIF(学生档案!$F$3:$F$52,"*"&B15&"*") | D15: =IF(COUNTA(学生档案!$C$3:$C$52)=0,"",C15/COUNTA(学生档案!$C$3:$C$52)) | E15: 超 70% 要游戏 → B 线加码 | F15: F
B16: 多小组讨论 | C16: =COUNTIF(学生档案!$F$3:$F$52,"*"&B16&"*") | D16: =IF(COUNTA(学生档案!$C$3:$C$52)=0,"",C16/COUNTA(学生档案!$C$3:$C$52)) | E16: 超 70% 要游戏 → B 线加码 | F16: F
A17: 5 第7周起换哪个动画 | B17: 哆啦A梦 | C17: =COUNTIF(学生档案!$H$3:$H$52,B17) | D17: =IF(COUNTA(学生档案!$C$3:$C$52)=0,"",C17/COUNTA(学生档案!$C$3:$C$52)) | E17: 得票最高 = 第7周起班底 IP | F17: H
B18: 喜羊羊与灰太狼 | C18: =COUNTIF(学生档案!$H$3:$H$52,B18) | D18: =IF(COUNTA(学生档案!$C$3:$C$52)=0,"",C18/COUNTA(学生档案!$C$3:$C$52)) | E18: 得票最高 = 第7周起班底 IP | F18: H
B19: 继续用蜡笔小新 | C19: =COUNTIF(学生档案!$H$3:$H$52,B19) | D19: =IF(COUNTA(学生档案!$C$3:$C$52)=0,"",C19/COUNTA(学生档案!$C$3:$C$52)) | E19: 得票最高 = 第7周起班底 IP | F19: H
A20: 16 愿不愿意当主角 | B20: 特别想 | C20: =COUNTIF(学生档案!$S$3:$S$52,B20) | D20: =IF(COUNTA(学生档案!$C$3:$C$52)=0,"",C20/COUNTA(学生档案!$C$3:$C$52)) | E20: 出镜先找特别想/可以试试 | F20: S
B21: 可以试试 | C21: =COUNTIF(学生档案!$S$3:$S$52,B21) | D21: =IF(COUNTA(学生档案!$C$3:$C$52)=0,"",C21/COUNTA(学生档案!$C$3:$C$52)) | E21: 出镜先找特别想/可以试试 | F21: S
B22: 别找我 | C22: =COUNTIF(学生档案!$S$3:$S$52,B22) | D22: =IF(COUNTA(学生档案!$C$3:$C$52)=0,"",C22/COUNTA(学生档案!$C$3:$C$52)) | E22: 出镜先找特别想/可以试试 | F22: S
B23: 坚决不要 | C23: =COUNTIF(学生档案!$S$3:$S$52,B23) | D23: =IF(COUNTA(学生档案!$C$3:$C$52)=0,"",C23/COUNTA(学生档案!$C$3:$C$52)) | E23: 出镜先找特别想/可以试试 | F23: S
A24: 18 照片可否做形象 | B24: 随便用 | C24: =COUNTIF(学生档案!$U$3:$U$52,B24) | D24: =IF(COUNTA(学生档案!$C$3:$C$52)=0,"",C24/COUNTA(学生档案!$C$3:$C$52)) | E24: 不要用 = 红线，用代号形象 | F24: U
B25: 可以但别太丑 | C25: =COUNTIF(学生档案!$U$3:$U$52,B25) | D25: =IF(COUNTA(学生档案!$C$3:$C$52)=0,"",C25/COUNTA(学生档案!$C$3:$C$52)) | E25: 不要用 = 红线，用代号形象 | F25: U
B26: 只用于我自己的头像 | C26: =COUNTIF(学生档案!$U$3:$U$52,B26) | D26: =IF(COUNTA(学生档案!$C$3:$C$52)=0,"",C26/COUNTA(学生档案!$C$3:$C$52)) | E26: 不要用 = 红线，用代号形象 | F26: U
B27: 不要用 | C27: =COUNTIF(学生档案!$U$3:$U$52,B27) | D27: =IF(COUNTA(学生档案!$C$3:$C$52)=0,"",C27/COUNTA(学生档案!$C$3:$C$52)) | E27: 不要用 = 红线，用代号形象 | F27: U
A28: 19 想要的奖励 | B28: 当主角上封面 | C28: =COUNTIF(学生档案!$V$3:$V$52,"*"&B28&"*") | D28: =IF(COUNTA(学生档案!$C$3:$C$52)=0,"",C28/COUNTA(学生档案!$C$3:$C$52)) | E28: 前 3 名写进 90-C5 兑换清单 | F28: V
B29: 卡通形象升级 | C29: =COUNTIF(学生档案!$V$3:$V$52,"*"&B29&"*") | D29: =IF(COUNTA(学生档案!$C$3:$C$52)=0,"",C29/COUNTA(学生档案!$C$3:$C$52)) | E29: 前 3 名写进 90-C5 兑换清单 | F29: V
B30: 加平时分 | C30: =COUNTIF(学生档案!$V$3:$V$52,"*"&B30&"*") | D30: =IF(COUNTA(学生档案!$C$3:$C$52)=0,"",C30/COUNTA(学生档案!$C$3:$C$52)) | E30: 前 3 名写进 90-C5 兑换清单 | F30: V
B31: 免一次作业 | C31: =COUNTIF(学生档案!$V$3:$V$52,"*"&B31&"*") | D31: =IF(COUNTA(学生档案!$C$3:$C$52)=0,"",C31/COUNTA(学生档案!$C$3:$C$52)) | E31: 前 3 名写进 90-C5 兑换清单 | F31: V
B32: 全班表扬 | C32: =COUNTIF(学生档案!$V$3:$V$52,"*"&B32&"*") | D32: =IF(COUNTA(学生档案!$C$3:$C$52)=0,"",C32/COUNTA(学生档案!$C$3:$C$52)) | E32: 前 3 名写进 90-C5 兑换清单 | F32: V
B33: 小零食 | C33: =COUNTIF(学生档案!$V$3:$V$52,"*"&B33&"*") | D33: =IF(COUNTA(学生档案!$C$3:$C$52)=0,"",C33/COUNTA(学生档案!$C$3:$C$52)) | E33: 前 3 名写进 90-C5 兑换清单 | F33: V
A34: 20 能接受的惩罚 | B34: 做成搞笑表情包 | C34: =COUNTIF(学生档案!$W$3:$W$52,"*"&B34&"*") | D34: =IF(COUNTA(学生档案!$C$3:$C$52)=0,"",C34/COUNTA(学生档案!$C$3:$C$52)) | E34: 前 3 名写进 90-C5 趣味认罚 | F34: W
B35: 上台讲一道题 | C35: =COUNTIF(学生档案!$W$3:$W$52,"*"&B35&"*") | D35: =IF(COUNTA(学生档案!$C$3:$C$52)=0,"",C35/COUNTA(学生档案!$C$3:$C$52)) | E35: 前 3 名写进 90-C5 趣味认罚 | F35: W
B36: 帮同学讲懂一道题 | C36: =COUNTIF(学生档案!$W$3:$W$52,"*"&B36&"*") | D36: =IF(COUNTA(学生档案!$C$3:$C$52)=0,"",C36/COUNTA(学生档案!$C$3:$C$52)) | E36: 前 3 名写进 90-C5 趣味认罚 | F36: W
B37: 表演才艺30秒 | C37: =COUNTIF(学生档案!$W$3:$W$52,"*"&B37&"*") | D37: =IF(COUNTA(学生档案!$C$3:$C$52)=0,"",C37/COUNTA(学生档案!$C$3:$C$52)) | E37: 前 3 名写进 90-C5 趣味认罚 | F37: W
B38: 罚做一道题 | C38: =COUNTIF(学生档案!$W$3:$W$52,"*"&B38&"*") | D38: =IF(COUNTA(学生档案!$C$3:$C$52)=0,"",C38/COUNTA(学生档案!$C$3:$C$52)) | E38: 前 3 名写进 90-C5 趣味认罚 | F38: W
A40: 已填人数 | C40: =COUNTA(学生档案!$C$3:$C$52) | E40: 分母，占比用这个
A41: 第18题红线人数 | C41: =COUNTIF(学生档案!$U$3:$U$52,"不要用") | E41: 出镜绝对避开

Sheet 企业微信飞书字段
A1: 建企业微信收集表时，把「字段标题」整格复制，一个字都不要改。改了导出就对不上。飞书电子表格不用建，直接上传 90-C2.xlsx。
A2: 序号 | B2: 题型（企业微信） | C2: 字段标题（一字不差） | D2: 选项（逐条粘贴） | E2: 是否必填 | F2: 备注
A3: 1 | B3: 简答 | C3: 班级 | D3: （无，学生自由写） | E3: 必填 | F3: 必填
A4: 2 | B4: 简答 | C4: 学号 | D4: （无，学生自由写） | E4: 必填 | F4: 必填，作主键
A5: 3 | B5: 简答 | C5: 姓名 | D5: （无，学生自由写） | E5: 必填 | F5: 必填
A6: 4 | B6: 单选（或下拉） | C6: 1_接触过会计吗 | D6: 完全没有 ／ 听说过没学过 ／ 家里有人做会计 ／ 自己学过一点 | E6: 必填 | F6: 单选
A7: 5 | B7: 单选（或下拉） | C7: 2_数学怎么样 | D7: 还不错 ／ 一般 ／ 比较吃力 ／ 看到数字就头大 | E7: 必填 | F7: 单选
A8: 6 | B8: 多选 | C8: 3_希望怎么上课 | D8: 多做游戏比赛 ／ 多讲实际案例 ／ 多动手实训 ／ 讲慢一点细一点 ／ 多用视频动画 ／ 多小组讨论 | E8: 选填 | F8: 可多选，多个用中文分号；隔开
A9: 7 | B9: 简答 | C9: 4_最担心什么 | D9: （无，学生自由写） | E9: 选填 | F9: 简答
A10: 8 | B10: 单选（或下拉） | C10: 5_第7周起换哪个动画 | D10: 哆啦A梦 ／ 喜羊羊与灰太狼 ／ 继续用蜡笔小新 | E10: 必填 | F10: 单选，全班票选主线IP
A11: 9 | B11: 简答 | C11: 6_还喜欢哪个动画 | D11: （无，学生自由写） | E11: 选填 | F11: 选填
A12: 10 | B12: 简答 | C12: 7_喜欢的明星主播偶像 | D12: （无，学生自由写） | E12: 选填 | F12: 选填，合照图用
A13: 11 | B13: 简答 | C13: 8_外号是什么谁起的 | D13: （无，学生自由写） | E13: 选填 | F13: 主角人设
A14: 12 | B14: 简答 | C14: 9_口头禅 | D14: （无，学生自由写） | E14: 选填 | F14: 主角人设
... A28: 26 | B28: 简答 | C28: 本人签名 | D28: （无，学生自由写） | E28: 选填 | F28: 纸质必填，电子可打姓名
A30: 企业微信导出后怎么贴
A31: 1. 收集表右上角 → 导出 Excel。打开导出文件，表头应与本页「字段标题」一致（企业微信有时会在最前面加「提交者」「提交时间」，那两列丢掉即可）。
A32: 2. 按列复制到「学生档案」对应列。不要整表硬贴——前面多出来的系统列会把学号挤歪。
A33: 3. 多选题导出常见分隔符：逗号、顿号、分号。问卷统计用的是模糊匹配，三种都能数到，不必替换。
A34: 4. 飞书电子表格：上传 90-C2.xlsx，把「点单表」分享给学生编辑。下拉一般还在。收齐后把 A:Z 复制到本文件「学生档案」A2 起，避开紫色 T_ 列。
A35: 5. 飞书多维表格 / 飞书问卷：导入只带文字。把单选列改成「单选」字段、多选列改成「多选」字段，选项从本页「选项」列再贴一次。

Sheet 选项库
A1: 下拉选项库（不要改文字，改了点单表和下拉会对不上）
A2: 1_接触过会计吗 | B2: 2_数学怎么样 | C2: 3_希望怎么上课 | D2: 5_第7周起换哪个动画 | E2: 16_愿不愿意当主角 | F2: 18_照片可以做卡通形象吗 | G2: 19_想要的奖励 | H2: 20_能接受的惩罚 | I2: 作业分档
A3: 完全没有 | B3: 还不错 | C3: 多做游戏比赛 | D3: 哆啦A梦 | E3: 特别想 | F3: 随便用 | G3: 当主角上封面 | H3: 做成搞笑表情包 | I3: 0
A4: 听说过没学过 | B4: 一般 | C4: 多讲实际案例 | D4: 喜羊羊与灰太狼 | E4: 可以试试 | F4: 可以但别太丑 | G4: 卡通形象升级 | H4: 上台讲一道题 | I4: 2
A5: 家里有人做会计 | B5: 比较吃力 | C5: 多动手实训 | D5: 继续用蜡笔小新 | E5: 别找我 | F5: 只用于我自己的头像 | G5: 加平时分 | H5: 帮同学讲懂一道题 | I5: 5
A6: 自己学过一点 | B6: 看到数字就头大 | C6: 讲慢一点细一点 | E6: 坚决不要 | F6: 不要用 | G6: 免一次作业 | H6: 表演才艺30秒
C7: 多用视频动画 | G7: 全班表扬 | H7: 罚做一道题
C8: 多小组讨论 | G8: 小零食
